,Country,Country_Code,1996_agb_tot,1996_agb_avg,1996_count,1996_area,2007_agb_tot,2007_agb_avg,2007_count,2007_area,2008_agb_tot,2008_agb_avg,2008_count,2008_area,2009_agb_tot,2009_agb_avg,2009_count,2009_area,2010_agb_tot,2010_agb_avg,2010_count,2010_area,2015_agb_tot,2015_agb_avg,2015_count,2015_area,2016_agb_tot,2016_agb_avg,2016_count,2016_area,2017_agb_tot,2017_agb_avg,2017_count,2017_area,2018_agb_tot,2018_agb_avg,2018_count,2018_area,2019_agb_tot,2019_agb_avg,2019_count,2019_area,2020_agb_tot,2020_agb_avg,2020_count,2020_area
0,Angola,AGO,3765229.0988611304,128.27360819472239,311518,29344.77296240681,3759280.945070426,130.07624421588253,306713,28893.383951592863,3753696.974752313,130.73532015889703,304713,28705.306449447242,3754510.6871964606,130.57616280611052,305153,28745.86604995883,3751345.3029679745,130.59363291391963,304856,28717.56063438526,7484254.263273161,130.58867506344515,608234,57296.58522099744,3724651.8957522577,131.38510774084355,300858,28342.821579499403,3730111.132929095,131.54345294638324,300932,28350.86431948831,3717746.7941171043,132.34531653542052,298113,28086.558516083773,3718042.8316299315,131.83073069875238,299299,28197.968834984506,3710736.6471215202,132.0984725994537,298105,28085.982085140182
1,Anguilla,AIA,20.641409486849987,5.076735602484809,45,4.065714189110849,10.644980793628061,3.9272467374801634,30,2.7104406801237464,7.904305663082789,3.2401846514807806,27,2.439393423384891,13.627142920699894,5.200810736623303,29,2.6200671978785968,20.141758378242866,5.437156962185371,41,3.704307221107984,68.71716075067557,6.7904853735651285,112,10.119268226261573,29.76402495581982,6.215414159702805,53,4.788569997950722,20.93302704619094,4.542735109142229,51,4.607861102794802,15.091204272292348,4.175639736652374,40,3.613990350694635,14.868609738861792,4.701768016815185,35,3.162185026587679,15.306186067131984,4.705686688423157,36,3.2525408077243925
2,United Arab Emirates,ARE,59240.82066761285,7.808334147894235,87638,7579.149412426215,64478.32817644166,8.021528556061641,92826,8030.939118165457,68771.54511264725,8.000971657360548,99245,8588.16053338758,64981.328269406695,7.774840603637717,96516,8350.947354547125,60525.64807493541,7.850216110150216,89044,7703.440052879433,112780.33318971802,7.8688639164066,165556,14319.312770526636,55213.18522369819,7.811152534194852,81651,7061.928516775751,55644.98807148432,7.688938647148561,83598,7230.466482586343,56127.91525026132,7.625808587811655,85024,7353.565470714707,56868.85518631643,7.68362026339722,85499,7394.4305443944895,57078.37054690435,7.731556041027506,85275,7375.647824303164
3,Bahrain,BHR,622.6989663300477,9.714158865769704,750,64.11462558798345,646.8288708071474,7.426509108346859,1019,87.09796532640671,650.3065645895142,7.083951195414062,1074,91.80578574297188,652.6944739755475,6.986414693411838,1093,93.43317760182966,630.9456145998944,7.411518689379634,996,85.13893885865245,1203.7789491528779,10.031488936850828,1404,120.0035259020625,601.5746635773695,10.365873539395114,679,58.033000818503446,601.5746635773695,10.305165641653415,683,58.37664206568903,602.5236899367017,10.042013770834334,702,60.00513627447964,602.5236899367015,10.187129576771245,692,59.148477937471355,624.1641067297987,10.522622977965847,694,59.314906566017235
4,Bahamas,BHS,1958005.3878620698,11.552526466655811,1958528,169014.38639465664,1832593.091873973,11.526772698403908,1837656,158500.80598350443,1755860.8290419902,11.599975615399213,1749588,150906.53957563566,1753587.8626397941,11.602877093525157,1746877,150680.90928733963,1715586.885924286,11.7225103399731,1691446,145920.29878634782,3401627.9152360647,11.846863153911672,3318820,286253.03715898603,1710169.2511925497,11.900106304053208,1661084,143271.2151163429,1715868.66424448,11.85694146848483,1672821,144251.44670264094,1719506.3341865472,11.84032437893469,1678672,144763.7990029721,1745660.526287501,11.86011343353169,1701380,146720.30172208956,1788835.2839064049,11.90775134456338,1736428,149762.72010240998
5,Eritrea,ERI,463477.5550688215,49.62818372734403,101628,9345.316123263885,420717.0132805768,53.2513127056736,85974,7906.7464678909255,399293.33896694775,54.704308748065145,79432,7304.8809785149915,403348.59363386664,54.71740017491145,80222,7377.294851051929,402182.9169301689,54.66394322045991,80069,7362.836030949815,810377.9666225226,54.63527533986017,161410,14843.506516765072,402398.4049872916,54.4752011906814,80383,7392.080946782249,405254.3988319468,53.96368542895618,81720,7514.916814799621,406299.177022609,53.897731149075426,82032,7543.316002966305,403622.37015520904,54.381863698784706,80764,7427.285954942743,399512.22868106986,54.42860612053221,79872,7345.539622738327
6,Fiji,FJI,5649848.632639773,116.38350199793602,534717,48558.548722657,5652731.552824857,116.57306386993808,534119,48504.10406774191,5661413.546553777,116.47301575980414,535395,48620.337947494154,5671777.156929366,116.33328050757409,537015,48768.18474512133,5670431.125343128,116.25099199842491,537266,48791.193797344815,11367924.561036926,115.95674735701205,1079822,98063.85711786746,5662336.02245959,116.06026465691936,537384,48801.52460103405,5665852.377776578,116.05860586017302,537738,48832.31958486106,5661526.635464845,116.20486545330127,536657,48733.588612514795,5674695.69346781,116.05890366014572,538573,48908.720831479965,5661617.576949155,115.98456965759368,537672,48827.51679869227
7,Belize,BLZ,956347.8546246313,17.40295477439722,605182,54901.247403101996,943334.968190548,17.668953568264612,587975,53340.2046692973,934488.2688059531,17.793070657743545,578406,52472.040741016084,931671.7668120656,17.872464925064335,574098,52081.90036906932,928297.4768045454,17.940173497440718,569858,51697.54164103566,1847986.9192203165,17.9738900375442,1132300,102722.5115212624,920488.9515231098,17.973570177298047,564014,51167.15302173725,922165.3995548,17.916881092122587,566832,51422.35578473997,934217.8763907258,17.89888903594034,574805,52146.80354040324,940679.9950209167,17.912120957763786,578336,52468.838732907876,938641.9109128477,17.94561270217196,576005,52257.448160547494
8,Brunei,BRN,2768321.580180771,241.70886476588726,121008,11453.130821629113,2774815.422817626,241.87411636889956,121209,11472.154204292072,2771827.2852062574,242.0169511315066,121007,11453.037207790225,2779753.848604544,241.86556135869577,121429,11492.978827069684,2776451.1078513144,241.90290334874962,121266,11477.552004105495,5535546.877622747,242.26565282485808,241412,22849.09389914457,2760205.5099924947,242.39847670602597,120310,11387.065464617755,2760880.8365438916,242.31880910971,120379,11393.595772704744,2770048.4822410615,241.9736675692299,120951,11447.73410126453,2783011.1973115797,241.4550470513716,121778,11526.008341677245,2775285.499466322,241.48870434146892,121423,11492.409354862135
9,New Zealand,NZL,2953869.8535385984,101.75138294203012,376558,29038.897233272866,3077206.783210802,102.51943976913992,389355,30026.257468925363,3075909.8335333895,102.49416268561167,389305,30020.31592182847,3090424.4495633924,102.364020565511,391674,30199.60281954147,3086390.8505484406,102.17746900361657,391897,30214.54902499843,6157916.595915021,101.89059533732329,784062,60454.20522489575,3058432.271387771,101.4260061249181,391173,30164.608093294177,3052584.524419295,101.1772094050706,391383,30181.589805182506,3054554.0119409654,101.00537580541501,392273,30252.82681054965,3033265.5161085594,100.7688144642718,390469,30111.639131926728,2983758.0031497655,100.48577939027197,385209,29701.40523486544
10,Oman,OMN,4441.549706739277,26.026541445719733,1925,169.11858745147524,3878.5322866987826,27.126931902048902,1612,141.69369059065386,3709.0200475943734,28.285698593955054,1476,129.97053298152522,3901.7962008245127,28.74801814353013,1526,134.5771827182292,4058.890887250373,29.112687573131666,1567,138.24720343328158,7745.573298287045,27.788716264515166,3140,276.4305845199535,3687.9120106085957,27.186312519646936,1530,134.50554116998813,3342.153745513356,26.431188252255634,1430,125.41926649297804,3169.9226198497,25.358941300799714,1418,124.16824430469086,3216.0791859550222,24.7562547814644,1475,129.1332470168182,3337.253765149118,24.224219419038274,1561,136.8299092226075
11,Pakistan,PAK,1559905.784876211,15.59770765464788,1154069,100043.07755013517,1450352.619004241,15.821779676006697,1057889,91700.1338752764,1413724.8352567183,15.86505228554531,1028388,89140.17889685983,1401747.976879685,15.878567581845498,1018860,88309.82687035759,1376531.7904986371,15.91007917928672,998626,86549.391244757,2712277.8033401985,15.862169146962499,1973730,171048.95593554035,1370080.7647754997,15.732745115230484,1005203,87115.47327702772,1401984.9131910345,15.655646017612606,1033660,89583.72955210473,1414693.1556780247,15.624134021160499,1045149,90578.35592050292,1364359.9448395434,15.685553195174755,1004092,87013.58926533707,1238301.8464276996,15.928180900818512,897596,77770.74901967378
12,China,CHN,1284648.258514579,52.43965855012594,276598,24520.46612715409,1186534.44142919,54.250258665065545,247100,21898.073413136855,1154637.6028874775,54.89813186369453,237791,21063.149424621002,1116276.6147224,54.781543275767824,230285,20403.13812066701,1081554.9955522416,53.81913511911765,226921,20116.258056996838,2130826.9291291474,51.46125561542207,466972,41426.34122500729,1079701.4530388042,50.81996234723823,239575,21254.301282133172,1081683.8568417442,50.654722319909155,240799,21362.683663997177,1066804.7405030415,50.76202972135262,237000,21024.363224127806,1060640.479468789,50.60080277635294,236344,20967.7528150766,1052205.8516142531,50.90416227963093,233177,20681.20587004622
13,Côte d'Ivoire,CIV,469172.6166406731,81.0029778011631,61209,5792.449082097964,472858.26204022043,81.59151965445018,61245,5795.827015835482,473217.32278837817,81.54176538196492,61329,5803.764320644904,473873.36596245563,81.51780868944269,61432,5813.5284316404395,470476.5611568043,81.5574079792603,60962,5769.06415651692,910712.3202849241,82.67238349707455,116414,11016.756790164358,446247.61818518565,83.30138861736307,56612,5357.444472263398,442689.2862983993,83.56263138005443,55985,5298.113648148717,441823.5390356741,83.16145675894265,56145,5313.257926308474,443247.99436652707,82.91555546725834,56493,5346.190260338724,444398.8227283284,82.8637629029653,56675,5363.420717537372
14,Cameroon,CMR,39664525.109952636,201.91268028584983,2074026,196443.40480026224,39845904.06413616,201.91777980098934,2083458,197336.6802357222,39819622.00518738,201.88480271788382,2082423,197238.7307431939,39814566.57528246,201.85487827806824,2082467,197242.9464370666,39838724.47439483,201.79046388207468,2084393,197425.5486569996,79684162.15270418,201.3282422462469,4178706,395790.703830717,39685683.93032009,201.06771620743027,2083847,197373.8988439813,39594340.16922257,200.950212049212,2080267,197034.77971244944,39571086.257825054,200.86187662735333,2079962,197005.71906979146,39654320.87284388,200.798491527804,2084996,197482.42541446697,39561355.05344324,200.66827294199877,2081455,197147.33774437255
15,Democratic Republic of the Congo,COD,1933150.5011965379,81.00746505205733,252597,23863.978095610313,1936944.678215946,81.14558804254958,252662,23870.117185121613,1929739.1656271238,81.13208787225832,251764,23785.27636264131,1928510.9931273912,81.12169597416045,251636,23773.183195490863,1919968.1081190347,81.13572791506432,250478,23663.77998445984,3837327.3015134074,81.13112768483914,500644,47298.08763688065,1916419.5349307791,81.12276315157625,250055,23623.81956298263,1918380.5781681929,81.1194901397355,250321,23648.94867824226,1921308.3840094781,81.13471119179057,250656,23680.597911869543,1927619.2474206423,81.15417945825888,251419,23752.683403541047,1921790.8890063784,81.06162262976439,250945,23707.903399166677
16,Republic of Congo,COG,453800.8683651785,225.14669132756984,21281,2015.5462184549194,456061.9933415758,226.11968341275653,21295,2016.8716790468845,455829.274753792,226.48282833678303,21250,2012.610156352303,456526.52915324457,226.58390072292812,21273,2014.7897976551644,455401.83420669986,226.62208738676276,21217,2009.4873734688529,903890.4049405705,226.58935752363988,42118,3989.045607622964,450337.09426084795,226.5361212414576,20989,1987.8932424654258,449993.74626675167,226.4389450101695,20982,1987.2301851800771,451623.71615265304,226.363700843112,21065,1995.0913418202936,454282.7725684808,226.15033926890288,21209,2008.7316506905897,453844.5776456795,225.98530601344228,21204,2008.2600098129024
17,Senegal,SEN,3590637.932952996,28.360695275910686,1368541,126608.14123722311,3680269.434776297,28.468866362052875,1397417,129276.06282349852,3677963.6860641846,28.525714447406074,1393768,128937.92297669228,3676404.7067355467,28.534014308720362,1392771,128845.94242351863,3658925.640159994,28.545279403761274,1385602,128182.87113609578,7274801.134902698,28.50286539031338,2759012,255235.44476033587,3610449.5112635763,28.475898752295468,1370580,126791.91517017409,3610808.319571536,28.478275747219175,1370600,126793.87978468079,3617180.3805003194,28.476114032832868,1373123,127027.17176849148,3624402.966928171,28.45090581821784,1377082,127393.28282987267,3610946.543151495,28.446301731430044,1372190,126940.82538246961
18,Singapore,SGP,85036.76336103414,100.95731058154054,8871,842.3081444139314,81958.25391660651,105.52202713017358,8180,776.6968086325127,79502.75001110745,107.40248446197862,7796,740.2351955713873,80106.8259528994,106.75333906333235,7903,750.3950305205991,80640.2927564472,106.56083996376698,7970,756.7571815290712,158519.73363263183,108.24054382166428,15424,1464.5212314300766,77446.76893114683,108.91383855322809,7489,711.0867171108695,76719.0170588509,109.40977063550284,7385,701.2118723115867,77057.7988508237,109.30090034805966,7425,705.0101754164034,75994.81256681972,108.14265270539835,7401,702.7315317718111,74365.06841035644,106.44186450087787,7358,698.6484138834105
19,Solomon Islands,SLB,9792930.691762183,185.57934087816332,561418,52758.42013131645,9844475.426774135,185.79819529984417,563707,52973.88000970059,9855965.086635124,185.70799837960658,564639,53061.47161262315,9860991.297779119,185.50193697540712,565556,53147.49562906083,9834230.515368361,185.81131849811877,563084,52914.822291440054,19567219.230862252,186.40014448404253,1116834,104952.16389972167,9754422.197384417,186.69184479544992,555881,52237.738110284634,9734008.255533678,186.94109589595652,553979,52058.836157575366,9780093.154022833,186.69943731543447,557322,52372.985296293264,9824369.344326383,186.327200282054,560962,52715.359776183206,9801882.35014465,186.38713361615862,559497,52577.849552847416
20,Haiti,HTI,286911.2820370698,17.194725966975902,185678,16674.625064607044,274482.30609043536,17.543545872970316,174102,15634.361480612202,271204.3367515295,17.591352314967242,171555,15405.597856213362,271822.74838828645,17.617397380371482,171692,15417.890015565126,268324.86382809153,17.669424961204786,168987,15174.52493512064,523712.62026802264,17.657210139658957,330068,29637.918674116103,257926.46539100583,17.605756902960557,163037,14639.433062071783,257752.51735064015,17.530331107647093,163632,14692.660155984262,261091.24295172896,17.49413423501748,166095,14913.810258840089,262551.7686529478,17.440064907012786,167546,15043.884827804108,261494.83604651064,17.3867275606396,167388,15029.501537746744
21,Indonesia,IDN,623307409.3212316,199.2949861920075,33014436,3127536.454129157,614054296.4823445,204.45898212190295,31703147,3003247.77021003,608846044.2977059,206.18473754087563,31171295,2952837.798025746,607221469.6883888,206.51286220206973,31038794,2940272.6602457734,605145182.6667205,206.5471045116548,30927644,2929722.114595373,1200111605.301648,206.4788924124226,61355818,5812046.837361569,596819181.1286358,206.37738087064213,30527589,2891747.889387413,595785277.5611941,206.45890682275126,30462747,2885588.7605583062,595508290.8916104,206.35302200678552,30464260,2885719.1932244687,595612230.8866019,206.18469762856623,30494468,2888575.483155659,597144370.4470135,205.80113236339236,30629659,2901411.8635720084
22,India,IND,25901371.786936905,62.22542698651162,4595432,411128.1950899594,25877203.837158017,63.21244770020797,4519898,404173.7148088221,25757825.66206492,63.52396376692099,4477080,400254.4177462366,25717704.065336358,63.3877384669417,4480179,400470.38750792015,25636962.95189399,63.37412990041305,4466864,399299.5263624687,51186334.42973716,62.55010415257403,9037160,807857.1833017136,25481551.653996106,61.91930775600222,4544589,406307.5243015719,25506531.26579245,61.86519244621873,4552884,407047.14808030217,25627083.04721057,62.00224794919171,4563477,408058.89070659416,25636428.937790446,62.29277696360458,4543482,406268.6913623718,25475989.81221324,62.76341807586769,4481032,400682.9411112624
23,Jamaica,JAM,377892.30080353486,35.82449338593374,116611,10548.902019961144,383463.8946640551,34.99583164394695,121132,10958.043955755034,383836.32796264114,34.957383058905975,121383,10980.754495920533,382861.4392814562,35.09046884007267,120615,10911.333354033615,379209.9103249658,35.71713453586467,117369,10617.558681779348,742078.7990084868,37.123987610862386,220978,19989.697937746696,367871.2239676122,37.64243891434757,108037,9772.924033507126,367251.6126173693,37.827725711606305,107327,9708.63008301603,368356.20723030803,37.802748407440966,107721,9744.259321063975,368984.5561513442,37.780304268277845,107969,9766.67275065956,368647.7618847868,37.73814965319498,107991,9768.66804853524
24,Japan,JPN,132643.08020071965,127.92066755632214,11984,1036.1211834602775,131633.29721091464,127.99716370437744,11885,1027.6140455583225,131008.14133456549,128.21710439232308,11808,1020.9822985046493,130903.6264882006,128.38573245343375,11783,1018.8267540089898,130123.86588684838,128.10674594821302,11738,1014.9841490590143,258997.96810122335,128.14244413106363,23356,2019.7788107278454,128492.77528476212,127.95843984611608,11603,1003.501581719283,128244.67319482582,128.5111161939042,11531,997.2396610823837,129908.2871588775,128.49662639139206,11682,1010.3118549001607,131943.3187479768,128.470888521473,11867,1026.3261925956585,131919.69944520335,128.1537531821772,11894,1028.6215080891081
25,Kenya,KEN,2250709.352272829,40.89018777120314,580194,55037.57240131029,2242960.478687465,41.37073621369996,571479,54211.333407066064,2237750.8289003624,41.57005663359824,567417,53826.15680692803,2246105.05446821,41.48873090489181,570651,54133.0810181636,2247053.8616446056,41.44209799098926,571535,54216.61766273094,4473907.92448826,41.52296116382219,1135714,107735.87693772701,2225919.5861505386,41.597753931797534,564039,53505.85549813609,2231752.08412578,41.60588778719705,565406,53635.64823518225,2248302.2757824385,41.54745032691241,570402,54109.279519726886,2257297.314346683,41.516470514048635,573111,54366.16180104857,2252345.2659836314,41.52205863521725,571776,54239.582130704366
26,Puerto Rico,PRI,161197.7363069298,18.820992003346642,94806,8564.402221583763,164060.45516066442,18.466236897283316,98343,8883.886215135873,164572.456736786,18.45209205460325,98725,8918.426218971465,163567.91693810502,18.741413955568436,96607,8727.23191833713,162876.14776714245,18.877276153461402,95506,8627.811930547743,325971.65169684467,19.04372930295198,189470,17116.2836188769,163126.77226266736,19.027428744178383,94898,8572.872058793877,163328.90619036305,18.96727328186566,95317,8610.735117705157,163080.48767634176,19.01714944989428,94922,8575.123427218601,160380.7788644191,19.106709658193143,92915,8393.693900323864,157479.50873661836,19.17468981130612,90913,8212.636023057414
27,Saint Lucia,LCA,10974.202357015856,67.5985817459241,1759,162.35739611622736,11010.290842523447,67.5519814661378,1766,163.00365652975174,11001.048408288232,67.68691097722008,1761,162.54230121013077,10971.196442998367,67.77268770673528,1754,161.89622494238043,10974.769328501141,67.83342686151003,1753,161.80386436138613,21886.506904033406,67.79336505238842,3498,322.8692408586899,10893.186092032416,67.75449453374685,1742,160.78816786397667,10829.654529418598,67.67022242018096,1734,160.04950205423518,10889.232331893632,67.69106117556031,1743,160.88027081961675,10968.64357832799,67.6027881692294,1758,162.26502292591002,10918.66678312486,67.56388606213625,1751,161.6187352113914
28,Somalia,SOM,101653.12656333248,27.567014606937875,39033,3687.0641622562594,99843.54411810658,27.845940708369586,37949,3585.548527040736,99017.16284791865,27.9439345136261,37500,3543.4268777344414,99074.46978334742,27.969057590339382,37487,3542.3232520718584,98710.83577320314,27.930966794001534,37399,3534.1541745691534,196127.90891572065,27.876982910384445,74448,7035.615108486924,97898.93934040242,27.837475558901993,37215,3516.892613220357,98018.92610505357,27.9036968997449,37171,3512.8228909369673,98435.76182299746,28.030619750187398,37159,3511.62806240793,98301.20796769376,28.17204460585298,36920,3489.0715468200037,98290.21887738732,28.36937683842835,36662,3464.573572341847
29,Myanmar,MMR,60808926.06761724,103.67431342767303,6371430,582064.1628394398,59982014.57138559,108.47908066288308,6003455,549163.9789492316,59520124.372937694,109.41971414321131,5905250,540327.6082391676,59552259.705874704,108.88607271964977,5937575,543227.5536870164,59147618.91982234,109.15978375050157,5881858,538196.9283861385,115688087.37778991,109.63737751083215,11450230,1048056.000296169,57565660.06406422,109.4680151396602,5705995,522288.6330155418,57652906.77057671,109.09356018971904,5734372,524838.7440859431,57376323.05735147,108.77964832750146,5723033,523774.67283519066,57177724.689445555,108.37755827271326,5724490,523851.6626492146,57429964.383783326,107.2518666100427,5811585,531631.2899114334
30,Martinique,MTQ,104208.99363007024,54.311274644860376,20855,1918.7913607266914,104214.91769331851,54.41090291883385,20818,1915.3866590982007,103969.40525179892,54.27229222301195,20822,1915.7546929964751,104428.82455064822,54.197134930908874,20943,1926.888799180208,104211.9463992948,54.18029558541136,20906,1923.484338055092,208624.1835070082,54.25576151593049,41794,3845.3100382616967,103631.8490781718,54.40971331250413,20702,1904.712268850553,103574.04858364855,54.42144919511348,20686,1903.238728678214,103919.69128624612,54.350838450469546,20782,1912.0706992915202,105379.04561875004,54.33498415399548,21080,1939.4873366241181,105515.90931922756,54.27421881492396,21131,1944.179974647379
31,Mauritius,MUS,54900.25174837932,99.3512389814259,6193,552.7361221343008,50127.2077511227,117.82043084199697,4768,425.56513447780446,48921.950396349166,121.10780295815877,4527,404.05557643207436,48736.25004314454,123.73665488911367,4414,393.9690631450126,48654.04906081164,125.20206639008462,4355,388.70034315737684,97237.48248776684,126.59475412901116,8608,768.2822417111822,48747.9507182636,127.5243054655364,4284,382.35304888949264,47796.3824784037,128.2366327577611,4177,372.8083666364173,48247.83542217218,128.73961738404773,4200,374.85858241522567,49581.5623230274,128.77528710091792,4315,385.1176568999358,50055.09767755607,127.8139320736894,4389,391.7177305541502
32,Malaysia,MYS,88886677.1190959,167.22471828838678,5615545,531549.4611003675,88940693.07984176,168.09514099466034,5589924,529113.5597649185,88675127.46354368,168.31873627615226,5565858,526832.1017492942,88674766.52153985,168.16059514334768,5571078,527325.9539398982,88543087.93356141,168.04198118947133,5566737,526915.2898601346,175792240.84464103,167.7279792439547,11072914,1048090.8615058281,87487427.10245167,167.58968153874193,5515272,522039.63062325254,87437983.16824858,167.44129462973348,5517049,522207.3447537628,87478616.36840591,167.24727257658932,5526039,523056.17881389445,87479134.73472388,167.09113942681037,5531265,523547.97705945227,87277867.74948792,167.1139052672113,5517791,522272.7148455204
33,Mayotte,MYT,105207.52319147986,155.63188644306882,7295,676.0072539549242,105906.58528503797,154.21426335612927,7411,686.7520110873556,106424.47865319539,153.41594818499584,7486,693.7005006272052,106410.95971317096,153.35552201314997,7488,693.8868467419729,106242.84597027951,153.66711964781075,7461,691.386872752914,210286.42352915474,154.79398458217045,14660,1358.5039459711616,104600.5503375004,155.20182531763103,7273,673.9713324718748,104720.08259843207,155.144649734918,7284,674.9898148573662,105533.12985566928,154.71372913049464,7361,682.1252151646735,105667.84876451475,154.59611302024308,7376,683.5156348567936,104943.74602163534,155.36907736563947,7289,675.4551595461305
34,Nigeria,NGA,71919027.66843075,83.5965341465734,9092078,860355.9747122193,71933781.85280772,84.2970815236664,9018333,853384.9787106701,71738609.8976251,84.4486030138691,8977720,849544.3131814984,71673490.71851058,84.43698998759227,8970806,848889.7776689044,71433140.55235606,84.3093973808758,8954267,847322.169775673,142251599.19089296,84.21395307014163,17851700,1689262.7436208553,70661531.75223406,84.0476937697707,8885137,840777.8088330119,70664259.58811606,84.00029348028255,8890489,841284.2831405395,70536220.44262971,83.90914259382404,8884027,840671.644234035,70532191.10836454,83.82921439129377,8891986,841424.4507222518,70237830.19663335,83.70245402380053,8868269,839183.441692548
35,Nicaragua,NIC,3936022.3208862646,51.62131627482234,825167,76304.30010433072,3978532.754325485,51.61477903504989,834170,77138.91518983632,3992908.5328204585,51.61555789241723,837164,77416.81763495621,4011227.3324360894,51.47030300080549,843373,77991.91430689118,3997883.118173917,51.509269774224315,839929,77673.97156460484,7893955.989062667,51.96203412980338,1644038,152032.03962904774,3917483.1591221853,51.99069061914705,815430,75406.30703995924,3927208.77321741,51.91457572934655,818653,75704.28807629434,3926440.784363889,51.705546141392,821809,75994.53695868178,3900934.815488689,51.921172395452494,813096,75186.42642839742,3872904.7376950304,52.2341261122,802419,74199.61522413793
36,São Tomé and Príncipe,STP,13707.842363947402,286.3643519235036,504,47.868531283197726,13707.842363947402,286.3643519235036,504,47.868531283197726,13707.842363947402,286.3643519235036,504,47.868531283197726,13707.842363947402,286.3643519235036,504,47.868531283197726,13707.842363947402,286.3643519235036,504,47.868531283197726,27415.684727894804,286.3643519235036,1008,95.73706256639545,13707.842363947402,286.3643519235036,504,47.868531283197726,13707.842363947402,286.3643519235036,504,47.868531283197726,13707.842363947402,286.3643519235036,504,47.868531283197726,13707.842363947402,286.3643519235036,504,47.868531283197726,13707.842363947402,286.3643519235036,504,47.868531283197726
37,Suriname,SUR,6750611.041124678,88.85796109844301,804055,75968.47510941731,6674408.109894275,88.45841977316472,798569,75450.21105958638,6652037.272063678,86.68700789670692,812156,76733.90906565206,6643477.578158589,85.99993817920681,817591,77247.43203299679,6647785.821145587,83.74621137821451,840138,79377.67946664491,13320279.183243137,80.86597859504988,1743356,164715.20944046642,6640189.041778443,79.88189998542354,879773,83122.38692251233,6609259.406657234,80.40519443758701,869976,82196.6834828516,6596157.630916234,80.50174744717192,867210,81935.31545697819,6572880.451271199,80.35571106635274,865720,81794.51925251458,6514175.058231503,80.633462193777,855032,80784.75273627185
38,French Polynesia,PYF,13656.880077983144,112.29899657039898,1338,121.66635232129968,13416.728385118899,111.90735888535367,1319,119.94452747649379,13326.775436579264,111.91870865275841,1310,119.12869958947834,13278.040289500845,111.93534846689509,1305,118.6754873945058,13200.431782432952,111.79306037908705,1299,118.13174682463281,26457.86208553329,111.69127532068985,2606,236.98848100795118,13275.272078636775,111.48481296218989,1310,119.12851889970148,13310.956290266884,111.44444222646217,1314,119.49175746963053,13370.827569183355,111.35371738523358,1321,120.1264199386534,13842.173626007581,111.98588796503404,1360,123.66015150467021,13989.499520726331,112.27324721032386,1371,124.65708428220621
39,Qatar,QAT,7932.620494327857,18.523900411732086,4993,428.1646664907624,7939.335796013087,18.29055358420905,5061,433.9914959951712,8007.928322527961,18.282399859334102,5107,437.9392067466675,7948.961522659245,18.363451452899596,5047,432.80209614267955,7919.818777320486,18.423891572170227,5012,429.80192456640316,15590.421848088472,18.39106476866538,9884,847.5706169119464,7822.579407417312,18.194259324093768,5013,429.88514122966495,7813.371893403027,18.007834032510765,5059,433.8036580740907,7982.24444837618,17.603484425852287,5287,453.3963219192043,7998.008900954128,17.44032493321187,5347,458.5459122004209,7968.736867917109,17.40576007733322,5338,457.78240308081433
40,Saudi Arabia,SAU,196777.36343233558,19.422912179692275,112778,10001.378820764185,187596.28339371958,16.18391225707881,129342,11349.925119682352,174636.72829134515,15.10864570245149,129140,11291.286934998985,175081.05726628305,15.679333809754832,124760,10919.361956666315,157250.41538953545,16.93719051340612,103650,9101.794313818955,267380.4255519896,18.045435138261574,165220,14567.346014420433,125729.2558260015,17.754289548220747,78970,6961.814167120276,124965.8212025691,17.45629840301967,79828,7038.092715448527,125647.98805065952,17.670300017408803,79278,6990.848157325285,127949.02144156623,18.016705233117808,79166,6982.72091663008,131045.94976266206,18.31879777709045,79740,7036.550508900933
41,Tuvalu,TUV,958.1428487529837,110.69020694235097,92,8.656167871366748,958.1428487529837,110.69020694235097,92,8.656167871366748,958.1428487529837,110.69020694235097,92,8.656167871366748,958.1428487529837,110.69020694235097,92,8.656167871366748,958.1428487529837,110.69020694235097,92,8.656167871366748,1916.2856975059672,110.69020694235097,184,17.31233574273349,958.1428487529837,110.69020694235097,92,8.656167871366748,958.1428487529837,110.69020694235097,92,8.656167871366748,958.1428487529837,110.69020694235097,92,8.656167871366748,958.1428487529837,110.69020694235097,92,8.656167871366748,958.1428487529837,110.69020694235097,92,8.656167871366748
42,Taiwan,TWN,14846.432279332133,79.83549793099893,2153,186.0566317274956,15460.89170982379,75.90110573103026,2357,203.7969086136268,15142.593519509748,73.08676191544005,2397,207.29223730326612,14898.034121838478,72.42560930011653,2380,205.82211113339983,14802.288361134135,69.26477590978169,2473,213.83081181477047,29053.02531028205,69.32835391329736,4850,419.3248244926639,13991.85825217296,74.40651816603345,2177,188.16897009169145,13885.176220899255,78.03317726098219,2060,178.04406854418883,13320.8192404131,81.78991460142814,1886,162.96061228010905,13142.86974500923,85.42200193822585,1782,153.92557838596673,13245.282879153941,84.8162165167847,1809,156.21097945027248
43,Tanzania,TZA,18470957.091508992,162.56446046433362,1208454,113711.24170762648,18392514.739718266,164.0579454733498,1192372,112196.3689926482,18290237.375134367,164.631574848522,1181608,111183.07261436504,18320679.500179593,164.58043346383477,1183942,111402.21876021673,18249208.073039085,164.4733003376695,1180090,111040.27948124323,36422938.57642799,164.62290076302384,2353170,221418.9143960988,18118604.275544614,164.67273607503222,1170229,110111.7637071534,18117168.4760851,164.71302037564075,1169851,110075.95671221969,18226762.351412497,164.5185110242941,1178320,110873.15234160029,18282147.886428617,164.5983140617168,1181330,111156.09036596336,18029362.85888086,164.23442057762708,1167584,109862.38813517599
44,United States,USA,7028761.955218205,29.26821149473426,2797497,239897.1227722475,7042636.92888691,29.520517991621468,2779130,238304.91484139595,7003047.081687374,29.647115396412424,2751712,235946.75035722737,7008478.550997057,29.6671261110082,2752006,235966.42450339388,6934239.844625731,29.829799393799867,2707955,232205.7920394258,13666157.42043614,29.972677347577488,5311244,455503.0423849702,6787947.689456872,29.934096666836737,2641422,226549.7077694113,6782037.537355923,29.92749112827067,2639694,226402.94087410896,6802293.538407109,29.90140314198825,2649856,227292.16460352,6841118.737676149,29.80374714185795,2673736,229323.31825200663,6874779.506441085,29.781002453456857,2688981,230620.3055137415
45,Saint Vincent and the Grenadines,VCT,2236.7808232189004,69.80975307067695,346,32.061693605422626,2240.2264683106737,71.78434231585494,337,31.227031990194693,2234.6257877540143,71.1823424561537,339,31.412145518701212,2242.780524115383,70.81541788090043,342,31.69004963549323,2163.614662538799,69.32727032103949,337,31.227448790775775,4382.500180591347,70.84462899647787,668,61.89773312179889,2136.1557376125975,70.75885146673471,326,30.207124579903123,2104.6534136442106,69.71501867610253,326,30.207316529419288,2102.1777605661896,68.78819485866663,330,30.578182931093757,2135.61176577506,68.02645443604055,339,31.412604773496692,2279.1943838665966,71.75707902157619,343,31.78191698665073
46,Venezuela,VEN,48607999.467932284,170.52229468360068,3046132,284949.58692987997,48654255.69117674,171.47684112450156,3032049,283652.4346420598,48612100.09003765,172.1333014263553,3017868,282332.073070739,48608380.33825254,172.18421292839508,3016745,282228.84520655125,48497774.8812882,171.92261321708685,3014459,282015.59216287266,96672539.2020556,171.13182601886908,6036610,564753.822960731,48205927.758521885,170.7509439846713,3016883,282245.20601991605,48261677.613699876,170.3827442769098,3026900,283183.730168247,48395397.54886798,170.2667838237575,3037352,284163.0146386791,48441509.80517592,170.09301232822796,3043351,284725.12834825367,48369565.00985793,170.06360194278474,3039356,284351.1105445743
47,Yemen,YEM,48082.47404417035,25.26215468732571,20796,1904.347142530647,43424.61857479288,25.77153942286337,18409,1685.812057116789,40870.00172134797,25.944518993265312,17211,1576.0624470216587,40835.239680038634,25.892083467786044,17231,1577.9258467005557,41175.97088640598,26.168649050809716,17192,1574.3295418463013,81473.2121204902,26.219406541921636,33954,3109.0182522977543,40072.504349223316,26.424375525734334,16571,1517.3300380597943,39734.329108516904,26.434150920037627,16425,1503.9639425124833,39451.56975042313,26.661307703277178,16169,1480.5911863662695,39735.24430269886,26.585464549305538,16330,1495.508158315496,38895.01556005149,26.976316114390308,15754,1442.6732027545982
48,Aruba,ABW,1067.5489186484651,19.532093981125968,589,54.654942706834795,1010.8379464206785,21.830085533654284,499,46.30410587220722,992.6686972689001,23.15453892352777,462,42.87100079814398,1002.8657181105614,23.70020672835802,456,42.31428306044745,1016.1694653620929,23.651558108772623,463,42.96380186069645,2065.3558006677563,23.28156481327871,956,88.71115922261389,1032.6779003338781,23.28156481327871,478,44.35557961130694,1032.6779003338781,23.28156481327871,478,44.35557961130694,1020.7475837538253,24.553596465183155,448,41.57197584393378,1020.7475837538253,24.553596465183155,448,41.57197584393378,1023.3645322881654,23.266276358049126,474,43.98443114561836
49,Costa Rica,CRI,4329134.891691306,114.00796083344737,405106,37964.18547179793,4386246.21705259,114.33697767730241,409269,38354.73164339592,4393037.876704667,114.60890688496896,408929,38323.06783562622,4399354.246142087,114.6358313424354,409420,38369.20252928099,4397421.547030408,114.77951632380154,408728,38304.33225833437,8764132.9037931,114.8325278435424,814228,76306.00157636212,4375473.215108458,114.74354548994947,406817,38125.19085882028,4370140.525932307,114.58214912111346,406894,38132.43679994942,4354002.807603625,114.87185099162826,404369,37895.831529962445,4309621.344138327,115.48457479958711,398121,37310.63240389243,4270608.428187512,115.89762577988034,393106,36841.261111976884
50,Cuba,CUB,10683113.047415271,27.475908987451064,4407345,388940.6414562,10523976.181044841,28.510935652502233,4184213,369227.42807564087,10448808.502039526,28.808235868584624,4111499,362803.3831174984,10457819.127148988,28.822077403265606,4113108,362936.47513190337,10400600.173351627,28.94685100310888,4073032,359390.0322804212,20507170.545266625,29.31300052311434,7930770,699745.7650450444,10185804.977306224,29.398441810782792,3927774,346545.8154586946,10212550.579341594,29.373032253656042,3941547,347753.6952033944,10269963.325768007,29.293591062876647,3974484,350654.2932763416,10292583.672004636,29.295479526336802,3982958,351402.2924264435,10276719.367121678,29.28038932100722,3978829,351043.18637439003
51,Curaçao,CUW,1451.111681891458,32.272151158368295,484,44.964548938527386,1451.111681891458,32.272151158368295,484,44.964548938527386,1451.111681891458,32.272151158368295,484,44.964548938527386,1451.111681891458,32.272151158368295,484,44.964548938527386,1450.6616373680663,32.32894062206118,483,44.87161906570525,2901.3232747361326,32.32894062206118,966,89.7432381314105,1449.1552246232452,32.295378978701606,483,44.87161934749244,1449.1552246232452,32.295378978701606,483,44.87161934749244,1449.1552246232452,32.295378978701606,483,44.87161934749244,1449.1552246232452,32.295378978701606,483,44.87161934749244,1449.1552246232452,32.295378978701606,483,44.87161934749244
52,American Samoa,ASM,4914.315981026009,151.13673069119116,353,32.514559271774765,4902.4834968041105,151.20112905719063,352,32.422455108635745,4879.752104380993,151.35996960231236,350,32.238252115031955,4869.75105694424,151.91783083992442,348,32.05404356662066,4869.75105694424,151.48253619568396,349,32.14614806296593,9783.169177205782,151.2947517568909,702,64.66071255634196,4891.584588602891,151.2947517568909,351,32.33035627817098,4891.584588602891,151.2947517568909,351,32.33035627817098,4891.584588602891,151.2947517568909,351,32.33035627817098,4882.452822503627,151.44371960231237,350,32.2382613413074,4882.452822503627,151.44371960231237,350,32.2382613413074
53,French Southern Territories,ATF,114331.23229643557,169.49815069033443,7665,674.5302936243977,114331.23229643557,169.49815069033443,7665,674.5302936243977,114331.23229643557,169.49815069033443,7665,674.5302936243977,114331.23229643557,169.49815069033443,7665,674.5302936243977,114331.23229643557,169.49815069033443,7665,674.5302936243977,228662.46459287114,169.49815069033443,15330,1349.0605872487954,114331.23229643557,169.49815069033443,7665,674.5302936243977,114331.23229643557,169.49815069033443,7665,674.5302936243977,114331.23229643557,169.49815069033443,7665,674.5302936243977,114331.23229643557,169.49815069033443,7665,674.5302936243977,114331.23229643557,169.49815069033443,7665,674.5302936243977
54,Panama,PAN,24041334.986084312,154.25812186182296,1658030,155850.23574778045,24230960.597207163,154.7131537784656,1666193,156616.85694398033,24244314.70631779,154.95774786202395,1664479,156455.6368515548,24259553.738104716,154.9692216647803,1665402,156542.18515987907,24245935.04977008,155.15173535546026,1662509,156270.29382980702,48457436.57935679,155.4346664827522,3316608,311750.42435733543,24196268.512643002,155.55690836211772,1654781,155544.24931593443,24185748.6449325,155.5796445247595,1653820,155453.7781064582,24166895.7854007,155.8456663773508,1649711,155067.45274164484,24082753.921009496,156.26751017846092,1639530,154110.5342513329,23910738.15673157,156.43719179084295,1626050,152844.1605693943
55,Antigua and Barbuda,ATG,17743.50004613155,20.561500287907464,9520,863.2908642455192,16352.858630949308,20.655205985406237,8734,792.0483749271193,16360.337124746173,20.72629587180471,8708,789.696098531621,16619.648743829934,20.84432447208714,8796,797.6646360623046,17580.524800827505,20.890366359139147,9284,841.9069246523152,35040.46916334483,20.740511239169813,18638,1690.1672525772515,17864.11699200217,20.638363472865333,9549,865.9251644188644,18017.87296925952,20.55569057659378,9670,876.883033660851,18065.764968781685,20.389067177662763,9775,886.3979237861337,17930.364850479935,20.36343877728348,9714,880.8651374076682,17650.426806838084,20.34301457781698,9572,867.9832785776464
56,Australia,AUS,119209517.57678238,111.47429857632011,11725219,1065491.081153755,117812036.80721392,112.95164895447543,11439390,1039064.7295457831,116427372.4485037,113.52749711718145,11248467,1021570.0217814565,116489291.86051483,113.61224078562489,11245879,1021348.2222551773,115825408.93374768,113.75730606320558,11168046,1014191.0967168565,229343232.51743618,113.83322748486121,22099858,2006767.3153934046,113890196.66727775,113.81343964708331,10976648,996704.2199094001,114085032.74689123,113.63193168079067,11013325,1000003.0540978025,114561753.76108713,113.46117502853023,11076304,1005687.2511666066,114724127.35349095,113.31215888589155,11106577,1008444.0747924177,113986842.43669757,113.27428220348476,11038863,1002302.5093910753
57,Benin,BEN,42620.10529168954,14.596666348487002,30926,2919.7701733624017,37379.68748634933,16.646754734029845,23783,2245.3995189126977,36173.152680064864,17.09485176714663,22412,2115.971174956188,37751.48512872535,16.3717306588326,24423,2305.8445890233547,40503.26942400314,15.323917555566302,27995,2643.0884788670237,83785.81807994159,14.736822239851943,60218,5685.3740342800365,42476.719364484365,14.308737964076885,31442,2968.528754006952,42428.95311657211,14.36482741173965,31284,2953.6157272597457,41738.92120210029,14.196145111730281,31141,2940.095960624392,41304.13272329966,14.204259200383945,30799,2907.8041715124905,39793.40578315304,13.904157343540929,30313,2861.9074605760925
58,"Bonaire, Sint Eustatius and Saba",BES,8154.472203762091,32.8566205146294,2671,248.18340509845177,7563.6320461802825,35.48441729227563,2294,213.1534458296117,7384.307846268881,36.12333326599815,2200,204.41903864435065,7280.3492731975575,36.40916140726508,2152,199.95895488518784,7124.099875454463,36.87874885417338,2079,193.17605062475675,14030.505172305908,37.561917895345545,4020,373.52968004657384,6934.572427126575,37.74970096123599,1977,183.69855863177503,6985.151694371772,37.58776070380211,2000,185.83556961257577,6929.680257462116,37.47665073811709,1990,184.90635907448313,6882.0908365308505,37.6736320135916,1966,182.6763707647039,6955.177224723748,37.80450814962387,1980,183.9772322004644
59,Bangladesh,BGD,74381030.99703391,167.23984941644792,5044823,444885.4789615649,74411479.80673018,165.4657942712251,5101023,449832.4923436329,74316867.18602832,165.50325762752476,5093388,449157.63819136913,74109020.40296319,165.3664709774834,5083334,448272.28976847656,73941687.64993855,165.08794563209386,5080407,448017.2424303302,146450584.28765684,164.21384180417758,10115930,892088.7014997198,73041604.78382184,163.5792648034152,5064853,446655.07008691283,72979100.10253409,163.86566786222977,5051676,445494.25283181254,73016918.58351189,162.9195450660603,5083648,448313.8165364295,72841820.73698457,162.80361563743156,5075055,447560.38277368044,72724797.22003527,162.12104103136645,5088211,448724.6147495671
60,Egypt,EGY,12313.419108779579,42.45356845177513,3410,292.723385652971,8816.400194815094,45.498434455559675,2284,195.46511424574305,7939.347010292888,45.35719131170086,2064,176.51537316969478,7837.365980056678,45.079051397021225,2050,175.3104024743967,7750.104953346559,44.915883347560495,2035,174.01461551943135,15656.84880229208,46.47268622924649,3974,339.65679281897735,7706.342877604184,44.80688736154248,2028,173.4017244939092,7767.955340945967,44.51557941105276,2057,175.92202629723766,7845.192455306397,43.98934141586896,2102,179.81942304596032,7929.178766965449,44.13974502557395,2117,181.11397005178765,8054.085617017629,40.324112827859935,2353,201.58214848815118
61,Micronesia,FSM,1740415.4658421655,191.57336503124222,96365,9084.090049216285,1696595.8563990404,194.11273091357876,92707,8739.636739040336,1693494.2001263965,194.21445138577553,92488,8719.116917708894,1692448.58395802,194.40625810761563,92340,8705.134851909595,1729600.7007603701,192.23170874925358,95435,8996.86524807052,3477053.8789206743,191.7671040402409,192326,18130.153563484928,1738526.939460337,191.7671040402409,96163,9065.076781742464,1738526.939460337,191.7671040402409,96163,9065.076781742464,1738526.939460337,191.7671040402409,96163,9065.076781742464,1694926.428879843,193.9658968812431,92689,8737.518132204226,1690440.4482122774,194.16068003555623,92351,8705.646636773037
62,Gabon,GAB,31683901.585112464,180.11224803472427,1852286,175912.21548989677,31697684.931966897,180.52508660724152,1848854,175586.3028462141,31689957.424837686,180.81436595836618,1845446,175262.6606077418,31765150.55332064,180.9963287908742,1847965,175501.91609783488,31742454.69136553,180.9769763743012,1846842,175395.27620649125,63351925.875910535,180.96927317211853,3686104,350070.6556473247,31547036.961328644,180.88514378553685,1836404,174403.9729465731,31563334.578052763,180.86487820043348,1837559,174513.6412074543,31585063.19902805,180.85166642392147,1838958,174646.5191275913,31591155.66937569,180.81959120744614,1839639,174711.19144687647,31525540.034563757,180.89465869919113,1835056,174275.95144178733
63,Ghana,GHA,948296.3836207625,52.500674409844905,190937,18049.582823318357,924072.1213414083,63.708265029921606,153324,14495.110266321086,921131.2951192746,61.706734614454966,157793,14917.395444754475,928149.8551112921,58.54846847742906,167573,15841.668630223197,938719.3827466277,54.046466874395584,183601,17356.31192275671,1888215.2516937738,51.68751109356892,386168,36504.816128881095,942199.2954665193,51.256323419410975,194315,18368.662621953925,941985.9909443822,51.90311188268574,191850,18135.72082417348,943716.7516662218,52.95711960217407,188377,17807.549176734312,943281.1839233837,52.859144703645825,188639,17832.307928826354,936272.8959241912,52.574338580879264,188251,17795.589736902584
64,Mozambique,MOZ,23943405.179438792,74.97230845926929,3528029,318670.04026267363,23912588.004972875,75.55449901866257,3496361,315814.913751255,23699804.79032454,76.19509211225473,3436039,310381.100647047,23618615.016955312,76.4388461237585,3413284,308336.24470368034,23574906.148245003,76.50272655628193,3404074,307510.7293540273,47012465.36922785,76.34104923962347,6802664,614518.9691029394,23417172.454836763,76.14441553016871,3397219,306881.8091854532,23444579.494508024,76.07472043849596,3404312,307520.78320768336,23405389.861374564,76.16505583887916,3394381,306657.2696512372,23242348.47474535,76.40863339022711,3359907,303549.9038089028,22905574.604868356,76.74080166137051,3296875,297857.0016852845
65,Bermuda,BMU,989.4721740260577,47.587108131526975,258,20.792721049604566,989.4721740260577,47.587108131526975,258,20.792721049604566,989.4721740260577,47.587108131526975,258,20.792721049604566,989.4721740260577,47.587108131526975,258,20.792721049604566,989.4721740260577,47.587108131526975,258,20.792721049604566,1978.9443480521154,47.587108131526975,516,41.58544209920913,989.4721740260577,47.587108131526975,258,20.792721049604566,989.4721740260577,47.587108131526975,258,20.792721049604566,989.4721740260577,47.587108131526975,258,20.792721049604566,989.4721740260577,47.587108131526975,258,20.792721049604566,989.4721740260577,47.587108131526975,258,20.792721049604566
66,Brazil,BRA,96620429.3715528,83.66238317551976,12201066,1147272.5531866462,96469310.41142134,84.38709475828098,12077457,1135611.378580636,96151468.0045187,84.43050769667292,12031527,1131290.3876540954,95976687.9032348,84.28112710255954,12031133,1131203.9923685824,95557260.93987827,84.25734293810753,11982030,1126557.360286938,188416614.32496607,83.4816283593278,23845986,2241969.5865661013,93673173.32391302,82.63325513516084,11977074,1126134.5537183397,93568707.73308663,81.86419436144021,12076155,1135534.7008612945,93296146.54360445,81.42134031639154,12106516,1138435.6179354372,93109610.46958376,81.28792159622908,12101950,1138095.7645968858,92997966.5458336,81.24016113227312,12094554,1137394.7799087148
67,Barbados,BRB,444.23433189907524,45.698846181233726,105,9.720937882142959,473.79244772616266,44.891565021715664,114,10.554187837704877,467.00824785987993,44.24869627701609,114,10.554199412540502,467.00824785987993,44.24869627701609,114,10.554199412540502,491.9120175946162,45.028415049536754,118,10.924516345587115,918.9205168777303,45.95221256326746,216,19.997365987934316,428.0800790825785,46.23897510528565,100,9.258020495729346,423.07677968651683,46.16016796381787,99,9.165436794961087,425.8372249766151,46.46137172043925,99,9.165432530642898,471.66884849836265,47.17333097811098,108,9.998667256326629,510.79249946383464,47.15641928126669,117,10.83191325220604
68,Guyana,GUY,3931939.1812123167,127.61687558497553,327506,30824.852262475408,3925811.05904885,129.81745795191125,321456,30254.47928973726,3913447.480600986,130.4733590469366,318835,30007.172723764936,3897972.393178644,130.6950491385895,317037,29837.596424285806,3877073.1971798125,130.3266117533459,316230,29761.534161587242,7548164.798056832,129.432408578513,619914,58343.738215427264,3748494.354760012,128.26121422128452,310668,29239.407982121895,3736771.80538558,128.48815167426406,309151,29096.583644090813,3717631.660884251,129.281923993029,305681,28769.601163296094,3700518.6271480485,129.96233418417324,302683,28487.081773285256,3674264.404879668,130.1131092218966,300192,28252.262971935088
69,Mauritania,MRT,6715.881696629244,20.70617986752664,3551,324.2837672842581,6590.9162552298885,20.849371845341253,3461,316.05211738076616,6416.168606509023,20.894312778588635,3362,307.00875495561604,6275.6320663098395,20.96702880847734,3277,299.2392920610408,6117.615516643447,21.182330538094007,3162,288.7486987460181,12982.669216688002,20.9151949963898,6796,620.6118231740137,6149.303999192265,21.18476520475912,3178,290.21032076946943,5993.906097255739,21.162253031381596,3101,283.1782827142431,5880.973614423172,21.340965857045873,3017,275.5297025571968,6498.633156071197,20.663931614501582,3443,314.4615982648673,7035.076317284306,20.19426669084282,3814,348.32011354758504
70,Cook Islands,COK,235.4032647889921,67.45128455528847,39,3.4983100479029043,235.4032647889921,67.45128455528847,39,3.4983100479029043,235.4032647889921,67.45128455528847,39,3.4983100479029043,235.4032647889921,67.45128455528847,39,3.4983100479029043,235.4032647889921,67.45128455528847,39,3.4983100479029043,470.8065295779841,67.45128455528847,78,6.996620095805809,235.4032647889921,67.45128455528847,39,3.4983100479029043,235.4032647889921,67.45128455528847,39,3.4983100479029043,235.4032647889921,67.45128455528847,39,3.4983100479029043,235.4032647889921,67.45128455528847,39,3.4983100479029043,235.4032647889921,67.45128455528847,39,3.4983100479029043
71,Colombia,COL,32227898.13306795,111.56401356103432,3050694,288028.7943265909,32172825.983540025,115.76602250478314,2934886,277207.6661411269,32123454.675355677,116.26622549956502,2917758,275599.71233192267,32147086.83668818,115.93466482602824,2928249,276585.71959173627,32127480.882196467,115.46336239530685,2938417,277532.167324715,64052086.881818414,115.62495223066672,5850044,552561.5465960748,31923993.208849914,115.66507836125595,2914680,275306.5769853545,31925989.62178974,115.67552480622199,2914591,275302.7655428209,31992267.35988925,115.08496239895321,2935644,277279.5301595058,32020923.529874127,114.5324776431259,2952471,278853.8235023017,31966115.89031954,114.48592093493326,2948635,278471.6850061971
72,Comoros,COM,28107.22086238865,295.06059523911506,1026,95.27905570017973,28401.427343979896,294.98658958074554,1037,96.3003113771926,28510.733439025982,294.41834975889066,1043,96.85754498603052,28501.451042614193,293.7589588767604,1045,97.04350751962644,28191.03607743367,295.3644595869784,1028,95.46509945001122,55604.580403169864,297.66195791710913,2012,186.84443527272276,27676.87744360223,297.20597816535746,1003,93.14324349655173,27814.55476898512,295.7356602140617,1013,94.0718433726327,28186.19805388529,293.88425901990894,1033,95.92932695823016,28221.140510609053,293.9640485221228,1034,96.02216990205409,28043.130137146636,294.10083645576395,1027,95.37217661808755
73,Cayman Islands,CYM,168247.47947150405,35.85038220274799,52285,4692.91106580373,165403.5767497303,36.45610776480943,50547,4536.955447008125,164045.7358851752,36.552356640806195,50000,4487.865999079786,163754.1337677553,36.55463597535552,49908,4479.610846261716,163477.4021088257,36.61315035088609,49744,4464.897284991971,325093.6628664228,36.66788783404982,98774,8865.713742456865,162038.66993653993,36.64154782721175,49268,4422.177249243783,161990.1984038675,36.61421598669336,49290,4424.155652291786,162227.5183254305,36.607676780288315,49371,4431.429400751294,162820.5452982063,36.627237776756765,49525,4445.251156607531,162462.84578091788,36.61181276213075,49437,4437.352050188937
74,Djibouti,DJI,54317.76442151289,60.94713761472707,9593,891.5544949877694,50292.027438424935,71.64591731442668,7556,702.0996812176245,48447.64121847433,75.74548386750051,6885,639.7426444161883,47915.190963203,76.62660128805334,6731,625.4475957961099,47752.24681128912,76.16211395061251,6749,627.1429927659524,95301.49276396865,71.10058769214375,14428,1340.861749507124,47496.470651598625,68.42296157340166,7472,694.4606760373766,47393.115660944924,68.6401150150403,7432,690.7602890492365,48025.248950924266,68.98814568865781,7493,696.4398289926405,48255.593377631,68.82286962708433,7547,701.4584779759641,48419.96918152727,67.99427794030656,7665,712.4289880606342
75,Dominica,DMA,34.1063835405602,26.603872571672714,14,1.2820081219829207,34.1063835405602,26.603872571672714,14,1.2820081219829207,34.1063835405602,26.603872571672714,14,1.2820081219829207,34.1063835405602,26.603872571672714,14,1.2820081219829207,34.1063835405602,26.603872571672714,14,1.2820081219829207,68.2127670811204,26.603872571672714,28,2.5640162439658414,34.1063835405602,26.603872571672714,14,1.2820081219829207,34.1063835405602,26.603872571672714,14,1.2820081219829207,34.1063835405602,26.603872571672714,14,1.2820081219829207,34.1063835405602,26.603872571672714,14,1.2820081219829207,34.1063835405602,26.603872571672714,14,1.2820081219829207
76,Dominican Republic,DOM,828278.8687512155,42.152804897334285,218699,19651.77896357779,829739.3302010908,42.31028962914999,218272,19612.965443422738,827072.0271574738,42.48890020695933,216657,19467.566075157723,826841.3390777407,42.56532942536218,216207,19427.29690533095,821428.53254388,42.852521418425525,213350,19171.064112148866,1634260.460203598,43.10107243574607,422016,37921.88593143142,813778.2754512097,43.232486475661254,209502,18825.759469276538,814192.6933031082,43.23032620917121,209618,18836.302813840513,817408.7817575907,43.222639606822305,210485,18914.06213759826,819339.0745855358,43.1152114359131,211509,19005.90659785497,819778.3620995766,43.03174008635772,212033,19052.93901254217
77,Ecuador,ECU,12135942.34333095,76.17800044011953,1678733,159298.79326951894,12107793.721590867,79.07344402877844,1613510,153111.45268858955,12049099.14052261,80.29935193000806,1581173,150043.6007104048,12038789.897735082,80.6916313426105,1572139,149186.53863723372,12019873.996047541,80.75026430286177,1568528,148844.09580294022,24003427.789067283,80.13168759335625,3156496,299533.0159244107,11965659.628064435,79.7916104559491,1580214,149952.79519770344,11980368.501857711,79.8805646283048,1580395,149969.86710401962,12004412.220293107,79.91203801638994,1582944,150211.59407762313,12050123.793159924,79.55681339158203,1596067,151456.88216827752,12035858.032623425,79.43530813416974,1596616,151509.00508541544
78,Guinea,GIN,12915625.441489987,56.680725993472294,2435420,227810.9203111056,12995113.579630256,57.11130277450742,2431935,227483.64916156023,12926905.373180196,57.57290028012034,2399775,224474.233525617,12958630.112383213,57.43215364230401,2411547,225577.63481427467,12920887.691358518,57.51957810918624,2400876,224578.1323416022,25723801.308313634,57.51673217642302,4780078,447126.2266752687,12747634.0888963,57.601582320133645,2365329,221249.62942125858,12766954.52836947,57.643168431267384,2367190,221425.262660582,12723243.059533361,57.534364781012755,2363558,221084.51750347257,12635195.656412158,57.474652648225174,2349668,219782.80917694932,12571934.623605095,57.398434057317615,2341023,218973.1593874434
79,Guadeloupe,GLP,112956.32445579904,33.07568978888696,37423,3414.8253870914114,113223.16807300373,33.07782369105677,37509,3422.673084120444,113352.4669846379,33.06621825751207,37565,3427.7847719639412,113658.83305970022,33.007975417772215,37733,3443.1149661065374,113387.74734516902,33.01060356101878,37640,3434.6282534431934,226314.12751972678,32.999591961296815,75152,6857.563063601325,113248.45509924204,33.01747460428221,37586,3429.691796285046,113258.36921898117,33.01861272448617,37588,3429.873615452456,113235.52924633745,32.99437106444313,37608,3431.7016262211573,112986.64638433192,32.985846176169055,37535,3425.0450557167815,112858.321154491,33.01256706009977,37462,3418.38504433363
80,Gambia,GMB,3283159.7771800887,54.0374473769645,657232,60765.15174296189,3329669.620707567,54.08203972127442,665993,61575.018455018435,3331242.6567514297,54.20951707525664,664741,61459.208650650515,3334586.509949875,54.155505413250765,666072,61582.23669422315,3330882.0586544895,54.19494891948735,664848,61469.061000637,6615807.911549084,54.30098080503664,1317944,121851.81808452081,3291237.1471782904,54.39904702016664,654470,60509.71072197506,3299335.030499941,54.345492903157286,656727,60718.34393978235,3309810.651363283,54.148489828297485,661209,61132.69182017112,3308398.2263539964,54.02672806197395,662416,61244.36468379894,3292847.868625989,54.04716800806948,659053,60933.46978486533
81,Guinea-Bissau,GNB,18802783.333688725,68.49140956852455,2950267,274497.12299079174,18960470.554040972,68.90092518230229,2957345,275152.7395680768,18837996.938404802,69.35024553874798,2919204,271603.87321770005,18777383.28680129,69.52749537048747,2902390,270039.854210319,18769136.03489515,69.51321580944206,2901711,269976.50344446383,37470504.808338664,69.26748176996135,5813494,540890.6067957418,18621224.300442293,69.31751040070831,2886967,268605.0191636293,18564556.057335004,69.42312034299616,2873808,267379.7616767898,18602681.440409556,69.30568533198328,2884590,268383.42940354196,18631187.507314622,69.10626345655996,2897354,269570.2432400736,18470957.391039193,69.12747345786138,2871563,267169.3511523221
82,Equatorial Guinea,GNQ,2914113.2832933795,113.72453823961234,269854,25623.822216597415,2917171.445944921,113.70567697008947,270182,25654.96917878862,2913300.176594448,113.63804822722868,269984,25636.171810437736,2930515.727286316,113.9305967309992,270882,25721.444518013624,2934507.512456785,114.03526216239115,271002,25732.84034640588,5857201.129832573,113.95624945706767,541288,51397.6950270306,2905043.137075088,113.65311286848738,269183,25560.119729946087,2894419.4961100155,113.47313108238798,268624,25507.040789812414,2886292.6300293785,113.28443357291884,268316,25477.79316329278,2896559.8087234646,113.41308831509608,268965,25539.419787655028,2903223.3031452186,113.57263461603425,269205,25562.21204796236
83,Grenada,GRD,11774.336307175183,61.36206489126311,2066,191.8473069466484,11808.803084964307,61.274882674044875,2075,192.6820333530754,11921.319645617183,61.88867934805448,2074,192.58951085633063,11944.998803089478,62.041653651979544,2073,192.49705653950653,11927.099414283239,62.12838380949245,2067,191.94044687552483,23762.71949661526,62.100584219497385,4120,382.5815427675792,11750.146156684672,62.01685167434169,2040,189.43333533647635,11628.17235515998,62.13437020512432,2015,187.11248287488579,11687.933830760277,61.627667599980676,2042,189.6202578772648,11777.915879001212,61.46990479084686,2063,191.5705713765508,11769.711356729496,61.27879722747858,2068,192.03381153639396
84,Guatemala,GTM,2111436.5529861916,84.50619388294511,271203,24991.612209002105,2103055.684759241,86.20604217181528,264799,24401.553864516005,2101399.4724883363,86.24290531045723,264477,24371.947520095433,2107386.3793625855,85.76007198056004,266723,24579.133200284537,2107151.7783496757,85.67436290478453,266960,24601.019644274675,4200980.079329334,85.52085233817336,533188,49134.027312733175,2097616.201432594,85.1023354509909,267538,24654.07395628588,2101401.0745291933,84.65088249462879,269450,24830.300064705196,2105131.3643570435,84.46564209480337,270522,24928.84980562336,2104439.042311047,84.51565791678571,270276,24905.803623702246,2102161.3642797964,84.41908966201711,270293,24907.29691549914
85,French Guiana,GUF,8033088.267297188,135.17367698497907,628111,59418.945397161595,7871881.913488041,135.3033338681314,614908,58171.50796040891,7817782.306007626,133.05928296364618,620980,58745.898768647545,7785759.305398773,130.7778620268482,629225,59525.51620335631,7741622.100355234,129.25040744286736,633052,59887.12843791175,15349691.502188064,123.81317111616558,1310306,123954.36159100162,7647633.32014444,121.32877307090678,666198,63022.03733607389,7643096.474813525,120.1571763510853,672294,63599.13504493634,7638451.687582162,120.30640674816848,671052,63481.81556517322,7583321.909703847,120.3031101432184,666229,63025.2123024972,7561906.229094162,119.00498901127867,671594,63532.61902988564
86,Guam,GUM,5176.748217117143,101.43404396720554,552,51.0349818907243,5176.748217117143,101.43404396720554,552,51.0349818907243,5176.748217117143,101.43404396720554,552,51.0349818907243,5176.748217117143,101.43404396720554,552,51.0349818907243,5176.748217117143,101.43404396720554,552,51.0349818907243,10373.796523115745,101.63281729601431,1104,102.07011504787044,5183.182474424257,101.37647881257814,553,51.127427929630144,5112.065203929369,101.45317108434274,545,50.38783391518967,5144.625220540516,100.80402170402417,552,51.03522548901293,5140.922111865617,99.82669152306055,557,51.49760312313776,5184.783051455459,100.13865375518799,560,51.775134936682065
87,Iran,IRN,315125.3036682911,22.077873924887054,167849,14277.811191598037,262704.56808217405,22.37458161352366,138074,11743.944007543281,233949.2752260077,22.362109112570376,123024,10464.422664196525,235827.0935293113,22.343600210005253,124119,10557.29081039159,237342.0890202841,22.29490098014367,125187,10648.101643773603,485289.70356227824,22.089827960612112,258332,21973.75261585975,229626.77037865383,21.930100470013986,123118,10473.520666704364,225984.40687454786,21.81575433015833,121793,10361.662849455726,230363.51850681557,21.945679303158865,123414,10499.959708253113,238023.65608240664,21.846718198169583,128106,10898.095702964918,222464.65657874604,21.69681456620546,120558,10256.246657688445
88,Sudan,SDN,22804.843587264288,12.798190739254032,19825,1776.0769089812834,15832.472457797276,12.916666937640604,13629,1221.4457235453378,13767.179042907715,13.381786763371002,11437,1025.5507246053965,13434.321550290408,13.732275481739263,10875,975.7081161395195,12588.898329771562,13.925419851588748,10046,902.1285725988798,22624.28948939972,14.251508515429126,17638,1584.8273653144734,10732.991087267506,14.467800148639595,8242,740.8375510076402,11523.462207432925,14.911411454739499,8587,771.9499243750505,11242.563826119527,14.644128778880814,8530,766.7376500183866,10448.361864267807,14.651323225722987,7923,712.2483212714826,10427.759766015763,14.874552366715188,7790,700.2634241880719
89,Vietnam,VNM,13982943.220894119,71.18066948710478,2114947,196404.3538787053,13622780.557337422,71.68348947469472,2046027,190049.69565470467,13387140.910372332,71.83293352573362,2006789,186373.51387228997,13321653.344079606,71.64538288744734,2002432,185938.59995481372,13233047.608882383,71.32568927395873,1998065,185520.80192371306,25862049.287046954,70.14881159188776,3970440,368630.9483743388,12736616.62650285,69.69936881878563,1967958,182703.789222998,12670932.914514551,69.38610260219636,1966469,182580.9721555178,12766946.70654937,69.43499995807733,1979130,183831.48187732976,12827974.393262183,69.64189995751843,1982611,184141.0262625078,12728199.689469678,69.10601430606218,1983526,184088.7649387527
90,Vanuatu,VUT,191485.12234570424,118.1020538284591,17779,1621.5574179610098,192019.76976560196,117.97400256754945,17848,1627.851326179479,191786.37154729542,117.71787209093087,17865,1629.4098894387075,192801.96460519792,117.48569783610614,17995,1641.2744048738075,191813.21112570446,117.18923968962739,17948,1636.986599401959,384401.9374109259,117.30811140546021,35932,3277.2661175748294,191323.15257461017,117.63604782830042,17834,1626.6016192604168,192682.40261729818,117.76564366694816,17941,1636.3581559318434,193044.2212025166,117.87905282588694,17958,1637.853279817946,193057.26239420217,118.23042281832653,17906,1633.0980051186793,188600.39058703306,120.04821641057114,17228,1571.233852947051
91,Honduras,HND,3109249.2819325146,49.82284097079598,677477,62412.72633352696,3159505.499461706,49.81681179582453,688463,63434.00168716889,3176229.0025370247,49.74683046435133,693050,63861.088646774435,3186336.6123141837,49.547527629126904,698039,64323.14766534704,3177385.0303024324,49.61464926620499,695139,64055.69063424538,6220253.277921565,50.20109931093699,1345062,123928.35031115034,3084425.206233477,50.34564215263192,665074,61274.221783529494,3099065.0888104024,50.22753875039131,669797,61708.13780041564,3102851.320093968,50.14797490920555,671700,61879.22492100402,3072825.8402807456,50.51097213402566,660461,60838.45084862564,3045477.3481584108,50.81894532466553,650630,59932.22108244073
92,Sierra Leone,SLE,10165923.319747688,63.51110074670423,1701342,160053.52348077067,10188222.41228009,63.86375479626734,1695657,159518.82346628542,10118980.581467327,64.2320613272723,1674471,157526.7589509841,10125477.809428398,63.977624898900146,1682218,158254.21249624575,10085189.226504121,63.89978838642907,1677564,157816.50897643625,20132976.864436764,63.61451531141875,3363934,316459.7061320692,10020285.657331508,63.57708579665939,1675226,157596.30406664778,10040451.922701197,63.56987698659895,1678792,157931.11762345795,9989146.745891642,63.66714332249232,1667654,156884.08945897815,9837982.871642381,64.0954716257157,1631427,153478.01781165393,9680006.998064734,64.18078157747657,1603100,150813.16068927365
93,El Salvador,SLV,2666938.065410078,70.87555576587157,406816,37625.67699422285,2677524.457506895,70.7599428851078,409098,37836.77469077244,2684260.484539083,70.59352327993994,411094,38021.39620590293,2685548.4291551467,70.60867796670759,411203,38031.4661976226,2681405.3571701422,70.74819336235082,409759,37897.90548568215,5334613.610470065,71.0596634962183,811636,75066.77510923392,2662627.6444454603,71.14046841240005,404646,37424.979095402705,2672238.598164148,71.02807795030202,406749,37619.50823959573,2672691.139513832,71.03207720857209,406795,37623.763257520826,2661373.895114617,71.22560563194216,403972,37362.64628043016,2652873.5248992704,71.33214500358368,402080,37187.70446150213
94,Liberia,LBR,666686.6641697455,35.73751805514593,197433,18661.921009475518,673605.0437772668,35.78152736629316,199237,18832.356201371153,674119.4327582236,35.78824279245077,199352,18843.20661607591,674865.9412257557,35.77907213778533,199624,18868.897706190863,674961.1006659773,35.742776486809866,199855,18890.681748392562,1342555.5304870172,35.65603058090519,398496,37666.5542310342,667122.6184461805,35.665361551659096,197963,18711.80788081341,667332.9419936973,35.64062280744373,198163,18730.66307386994,665302.7049397094,35.68252278769054,197328,18651.811161384372,662150.7595680886,35.78119532199893,195851,18512.346944978595,652508.5589681005,35.873330649130104,192502,18196.026121773502
95,Sri Lanka,LKA,910624.7069983588,35.20462507438898,275236,25854.797165681925,823501.0945956882,36.04950746316003,243048,22833.07625337319,741711.1170460598,37.296398909020866,211566,19878.43786701931,703829.1477902308,38.30914371096238,195447,18364.378154606147,688140.1411370898,38.35889379610665,190844,17931.946346948644,1417746.1146098005,37.8292934277009,398706,37460.32414644685,728772.6596520123,36.994913357138586,209572,19690.674059693323,738856.0670803846,36.900278036961964,213017,20014.39010522209,738371.1124377884,37.32251974562307,210473,19775.23382753007,721678.2513492544,38.53079438670633,199277,18721.365692028023,712056.9473319722,39.30522573304027,192747,18107.502210639355
96,Cambodia,KHM,6764390.658115651,104.7174220174182,692833,64598.76392981749,6624987.450455774,106.06067987037234,669971,62465.66063502599,6560449.994798422,106.42032000150621,661205,61647.989094076926,6540627.279926519,106.56714496369342,658298,61376.97874300653,6524923.382354127,106.54292870774364,656865,61243.608162479206,12957116.04687154,106.56391353181901,1304138,121593.12189413939,6466560.694863315,106.47055210421128,651431,60737.31285429663,6470083.392501896,106.3777205231384,652355,60823.45107674665,6485543.745059466,106.28490204600051,654483,61022.09701172062,6514359.602613864,106.06685190651727,658741,61419.30784974077,6553031.911772406,105.59012595390413,665641,62063.085447652105
97,Kiribati,KIR,20008.02496867255,135.2192401568095,1560,147.96975949263668,20008.02496867255,135.2192401568095,1560,147.96975949263668,20008.02496867255,135.2192401568095,1560,147.96975949263668,20008.02496867255,135.2192401568095,1560,147.96975949263668,20008.02496867255,135.2192401568095,1560,147.96975949263668,40016.0499373451,135.2192401568095,3120,295.9395189852735,20008.02496867255,135.2192401568095,1560,147.96975949263668,20008.02496867255,135.2192401568095,1560,147.96975949263668,20008.02496867255,135.2192401568095,1560,147.96975949263668,20008.02496867255,135.2192401568095,1560,147.96975949263668,20008.02496867255,135.2192401568095,1560,147.96975949263668
98,Saint Kitts and Nevis,KNA,437.04823774007355,12.940325117239388,372,33.77171588809858,445.8551398494428,12.755367589925791,385,34.95179983383749,443.6849520094802,12.40345277217439,394,35.76862093295371,432.3846732999813,12.21151071756314,390,35.40550135201751,428.8508162036293,12.463234973771591,379,34.406884441020324,845.7442303270425,12.866543526148927,724,65.72748835341542,430.23541285292504,13.273863790415916,357,32.40989592379794,417.18482950627697,13.242167461845991,347,31.501993445988628,424.97226294174334,13.148350376091646,356,32.318995250599826,441.4647453505654,13.213147955744162,368,33.40865311119532,444.2644837680857,13.014016507787908,376,34.13498593660785
99,Saint-Martin,MAF,11.45980432412964,7.9223973751068115,16,1.446471069288013,11.45980432412964,7.9223973751068115,16,1.446471069288013,11.45980432412964,7.9223973751068115,16,1.446471069288013,13.976437460666936,8.136645568044562,19,1.7176803665619778,13.976437460666936,8.136645568044562,19,1.7176803665619778,27.952874921333873,8.136645568044562,38,3.4353607331239555,13.976437460666936,8.136645568044562,19,1.7176803665619778,13.137559748487837,8.073164621988932,18,1.6272772674706562,12.298682036308739,8.002215329338522,17,1.5368741683793345,11.021998590945831,8.12770118713379,15,1.3560683891288063,10.58419150520438,8.36233411516462,14,1.2656654296794334
100,Madagascar,MDG,38290510.45596053,134.86275531423806,3101361,282568.10479317955,38158800.689791106,136.75390667828302,3047782,277744.8674884261,37999169.065472126,137.2256835477998,3024538,275648.78309772717,38005399.741915956,137.25100616295057,3024452,275647.94087764336,37907237.248575434,137.15614274830844,3018727,275125.6943430748,75557009.14799297,136.84963712563146,6030356,549603.453304161,37613328.677402176,136.6855931742276,3005577,273926.78889503016,37595901.23870861,136.51709179242073,3007876,274138.8106744809,37681178.605314516,136.23123484272872,3020999,275342.0320765219,37745430.803446196,135.98727609129205,3031560,276306.9160100232,37633903.35617789,135.87005074472913,3025183,275731.4194776143
101,Maldives,MDV,9789.0395722704,102.62855600059622,1010,95.4169547630498,9789.0395722704,102.62855600059622,1010,95.4169547630498,9789.0395722704,102.62855600059622,1010,95.4169547630498,9789.0395722704,102.62855600059622,1010,95.4169547630498,9789.0395722704,102.62855600059622,1010,95.4169547630498,19578.079144540803,102.62855600059622,2020,190.8339095260996,9789.0395722704,102.62855600059622,1010,95.4169547630498,9789.0395722704,102.62855600059622,1010,95.4169547630498,9789.0395722704,102.62855600059622,1010,95.4169547630498,9789.0395722704,102.62855600059622,1010,95.4169547630498,9789.0395722704,102.62855600059622,1010,95.4169547630498
102,Mexico,MEX,25746257.241908487,24.312203525096606,11785467,1050314.8026011463,25555262.78523788,24.834181099593238,11450479,1020902.8177590269,25426211.907397293,25.124089871411773,11260507,1004092.5382589841,25387515.164630424,25.342679292063476,11145934,993893.8021183752,25317546.2488764,25.371989511383056,11102237,989973.8531663461,50373670.771511644,25.391162439667415,22072796,1968150.0814861774,25114836.17058238,25.305320191375447,11042165,984563.4519476483,25175103.18691937,25.22356075291472,11104695,990093.6751908772,25275283.591308463,25.036134617685516,11232897,1001418.7066433678,25311855.404543575,25.02420684669491,11255038,1003335.6744232157,25222239.835005507,25.2210257342184,11127833,991893.3115175052
103,Marshall Islands,MHL,4966.234189887831,152.74192479599353,344,32.51424085623574,4966.234189887831,152.74192479599353,344,32.51424085623574,4966.234189887831,152.74192479599353,344,32.51424085623574,4966.234189887831,152.74192479599353,344,32.51424085623574,4966.234189887831,152.74192479599353,344,32.51424085623574,9932.468379775662,152.74192479599353,688,65.02848171247146,4966.234189887831,152.74192479599353,344,32.51424085623574,4966.234189887831,152.74192479599353,344,32.51424085623574,4966.234189887831,152.74192479599353,344,32.51424085623574,4966.234189887831,152.74192479599353,344,32.51424085623574,4966.234189887831,152.74192479599353,344,32.51424085623574
104,New Caledonia,NCL,2760684.863142472,83.6282348886635,372118,33007.78408140522,2734486.0465780767,84.19868108234597,366073,32473.567417159644,2725107.2887344314,84.23634781717918,364654,32347.69795227494,2707031.7388833584,84.1964972493525,362431,32147.725563615495,2704823.7296747663,84.09875435329212,362566,32158.58730515147,5397755.836951682,83.86135270119969,725572,64357.46841228077,2705942.0283994125,83.6608258125062,364602,32340.381552351453,2707914.142245099,83.56849862305305,365266,32399.85796537635,2732114.9617028846,83.42654365261558,369157,32745.179891715274,2768139.018283708,83.17346931425958,375166,33277.74856205338,2778057.0886461004,82.98463674424829,377371,33472.86082458988
105,Peru,PER,198060.7814074717,34.88615617162349,59883,5677.199452400618,193459.16709804838,37.1690715316406,54899,5204.72885903588,190911.10045311225,37.90930438185318,53118,5035.879128322935,189969.73464904376,37.46498000779826,53483,5070.463376035388,190200.70604471513,37.23415198031849,53880,5108.105399995313,376295.1230798809,36.89318507282935,107582,10199.33262152921,187180.63474494393,36.44141812311586,54178,5136.345241285473,187321.7545241817,35.77103506650516,55235,5236.533136953239,190312.81808027741,35.273279024554256,56909,5395.202617515404,192687.4951774328,35.29783255449504,57579,5458.732817020699,192507.87553362187,35.48176131764332,57227,5425.405892796874
106,Philippines,PHL,28571319.279533647,97.57259281786737,3134507,292736.09027229756,28092099.430567347,98.73300027079063,3045766,284438.175688984,27695401.93635163,99.11560104898737,2991142,279337.1254898099,27622840.72015308,99.18791971584837,2981145,278400.22602150467,27545030.944877893,99.17303249015687,2973132,277658.78285075317,54920487.04211871,98.83597711854902,5947980,555497.134524645,27344894.56751613,98.46061920970402,2972726,277634.97160001186,27344549.786892664,98.38168090306895,2975067,277853.0400086375,27489583.88286838,98.05573698794258,3000798,280254.4406312669,27605980.13457569,97.7869819453686,3021842,282211.997274933,27534883.06811531,97.59468280085407,3020028,282038.05155983
107,Palau,PLW,1085823.5029182541,191.77109594137403,60107,5662.115571756992,1090309.8043275843,191.28080213083706,60510,5700.059356181333,1089655.171170436,190.92295860087663,60587,5707.313355152598,1088754.4910538087,190.97320570583076,60521,5701.116007998766,1089706.437688569,191.04253241117792,60552,5704.032409215814,2181500.7161017293,191.1277466376936,121166,11413.903672586348,1091925.36087509,191.23906155714113,60613,5709.7750085436255,1099469.9714526944,191.13522951111574,61065,5752.349839579058,1101636.6259603712,191.4271982824655,61092,5754.893830728752,1094389.5562889958,191.714725344753,60599,5708.464445632332,1091012.6862201984,191.7019588744615,60416,5691.230041632405
108,Papua New Guinea,PNG,109053501.92351863,238.47381119349586,4861320,457318.41465234524,109377457.53481027,238.55869443540257,4873986,458516.387412245,109266498.83933374,238.66058098898313,4866954,457856.31732980686,109190496.67391096,238.5986176919136,4864832,457656.36387478077,108971862.7021522,238.64889482035824,4854068,456643.15824339556,216663180.45109004,238.27789254472768,9666110,909334.6691085907,107972995.8269209,238.14373671332987,4819765,453417.60065271525,107826455.89900707,237.9331696907486,4817478,453203.6017581918,107742980.4453114,237.8229157625568,4815965,453063.3725705764,107517112.97456425,237.86197433010463,4805074,452039.42154427397,107223968.09820025,237.95154026288532,4790169,450636.9590214216
109,Sint Maarten,SXM,81.51746692809337,13.86852029286898,65,5.877789522987828,81.51746692809337,13.86852029286898,65,5.877789522987828,81.51746692809337,13.86852029286898,65,5.877789522987828,81.51746692809337,13.86852029286898,65,5.877789522987828,81.51746692809337,13.86852029286898,65,5.877789522987828,163.03493385618674,13.86852029286898,130,11.755579045975656,81.51746692809337,13.86852029286898,65,5.877789522987828,81.51746692809337,13.86852029286898,65,5.877789522987828,81.51746692809337,13.86852029286898,65,5.877789522987828,81.51746692809337,13.86852029286898,65,5.877789522987828,81.51746692809337,13.86852029286898,65,5.877789522987828
110,Seychelles,SYC,52311.97740762215,136.2088671642705,4096,384.67266207004457,52374.29906044246,136.10377777517422,4104,385.42998664516233,52374.29906044246,136.10377777517422,4104,385.42998664516233,52391.13009405072,136.08077262136567,4106,385.61933013904275,52342.963421633816,136.18902328515176,4099,384.95666493167926,104531.88543721638,136.22320956262675,8184,768.5879361939287,52197.58809638877,136.41346616375188,4081,383.25250405042095,52176.93442242371,136.39344509790342,4080,383.157761266905,52213.759143120995,136.38850892839727,4083,383.44167129638765,52383.52008254208,136.52677560129356,4092,384.29375415097263,52384.553144334066,136.52944288199598,4092,384.2937454963875
111,Turks and Caicos Islands,TCA,315316.6460653941,15.099734593114379,236292,20880.778898783938,216717.79706012635,14.640182942867037,167515,14801.748519623368,190287.98970107103,14.478248407108879,148736,13141.985036207352,189837.42748523387,14.49469884364859,148215,13095.978422981741,182217.35532240692,14.504829243819673,142167,12561.50274675704,397041.0451122358,14.610614320861771,307526,27172.475585726606,210672.69089364546,14.716435480997886,162000,14314.20337034851,219920.84271744036,14.79532897448215,168209,14862.88427080758,211830.9842421263,14.747735638492411,162543,14362.33417734455,213427.2596963733,14.717585304655525,164103,14500.214819405755,223876.59792121817,14.718104881967516,172133,15209.638598041396
112,Wallis and Futuna,WLF,2688.629615139361,97.54024624664511,298,27.5643842441535,2688.629615139361,97.54024624664511,298,27.5643842441535,2688.629615139361,97.54024624664511,298,27.5643842441535,2688.629615139361,97.54024624664511,298,27.5643842441535,2688.629615139361,97.54024624664511,298,27.5643842441535,5377.259230278722,97.54024624664511,596,55.128768488307,2688.629615139361,97.54024624664511,298,27.5643842441535,2688.629615139361,97.54024624664511,298,27.5643842441535,2688.629615139361,97.54024624664511,298,27.5643842441535,2688.629615139361,97.54024624664511,298,27.5643842441535,2688.629615139361,97.54024624664511,298,27.5643842441535
113,Samoa,WSM,35168.67402152096,151.14269918491686,2522,232.6903774697017,35761.614710468595,151.2326127036307,2563,236.4722042576485,36075.67604043144,150.91204360054985,2591,239.05534668863046,36132.86100876393,150.45473323416078,2603,240.1622610434052,36024.96673653768,150.8161108577606,2589,238.87136950725488,70851.25770972701,150.39952139549987,5106,471.096266471244,34994.37687760377,150.27662034949108,2524,232.87154234660153,34904.457496030846,150.4266077379109,2515,232.0417599217999,34467.08465009173,151.2466877941178,2470,227.89165691413558,34853.119431890766,151.22319656262118,2498,230.47971561436586,34965.52131757868,151.10647590004467,2508,231.4019980860126
114,Togo,TGO,1018.5964854137525,19.902753785967388,542,51.1786653966131,831.6180525362092,21.120199365867414,417,39.37545885353416,733.6266958733547,21.885490336888274,355,33.521120949894815,763.432670157229,22.710662761431063,356,33.615557208270886,818.4672026503004,22.93079201128117,378,35.6928426201482,1564.510967481282,21.800929769716763,760,71.76329797668083,732.0175304487054,20.95218251975807,370,34.937433092247076,750.5995295509041,21.25426454850059,374,35.31515099963192,741.5106556363413,21.166680875814187,371,35.03192971152646,840.6372079525672,20.655733940496244,431,40.69750661909755,958.6963752851908,20.265255674868524,501,47.30735553003463
115,Thailand,THA,30531018.067611765,117.43412149413577,2771433,259762.08657196874,29879157.341169756,118.98964024801316,2676321,250922.14170487138,29382519.642903842,119.74858408175095,2614896,245199.5889032344,29260577.34851396,119.77929288054752,2603320,244120.79174877022,29247248.32410045,119.58203584874784,2606433,244409.884321476,58351474.307374455,119.18407083079472,5217492,489246.1455874746,29143288.394137196,118.9203138621308,2611664,244888.0698041743,29259745.346533053,118.69895161125748,2627061,246321.51476444988,29292989.283029456,118.96722238716688,2624002,246051.6812449698,29441605.377795104,118.73896255086584,2642459,247771.31494148902,29628167.68377119,118.16656085790036,2672317,250536.16502478748
116,Timor-Leste,TLS,164367.02835869236,156.85452777334675,11165,1048.2608243633501,169446.37916417385,160.9034712116561,11220,1053.4482241315404,169544.72729665798,162.76667064502445,11098,1041.9943060083488,169342.03337607023,162.67431095815652,11091,1041.3372853609853,169145.6350662038,162.9847580005045,11057,1038.147673675301,338458.7002817627,161.70416148677535,22300,2093.773002902188,168384.63412991157,161.0848188373723,11137,1045.6644784413527,169196.8374871359,161.65781608699908,11151,1046.9803151240221,169030.86663284243,161.80407347323546,11130,1045.0069812442339,169031.4613100557,161.1964266657872,11172,1048.9487273585482,168370.84148931023,160.6667484329572,11165,1048.2920271273179
117,Tonga,TON,96476.45675320603,90.95854962743778,11898,1060.7573512248202,96081.85289503077,91.67486683078752,11756,1048.12471413734,96548.76044364556,91.56185856700931,11826,1054.536710656011,97888.46807163557,91.38379956958734,12014,1071.2576837601614,97902.57785108537,90.86113991527884,12087,1077.5947862361797,198216.15001154545,90.64374458087222,24534,2186.952926406958,99038.38423643867,90.6735385195959,12255,1092.334888039383,98237.4872279645,90.4524463251276,12185,1086.1862138245235,96826.42417305098,90.03372691809074,12066,1075.617536669598,95673.13332041286,90.03528401819854,11921,1062.7931866058295,94797.72741239029,90.93407859430367,11694,1042.5551096755319
118,Trinidad and Tobago,TTO,700219.4497165838,84.24009125165769,88951,8311.86199840319,697024.3935875004,84.57689594234391,88193,8240.979708135008,695086.3922180268,84.60086582101631,87923,8215.73114255448,694392.9700257962,84.51367021416402,87926,8216.005581337873,694908.3793439212,84.38710343302992,88123,8234.439684885616,1383368.0894594155,84.14055965452768,175942,16440.516175093093,688908.4347692742,84.00340695342099,87761,8200.648215490502,688671.5055663638,84.01769601361816,87716,8196.437802555205,695290.9923372164,83.77962295666057,88811,8298.73946585664,698340.0674999218,83.66411985561908,89324,8346.640308211832,688936.0738034033,84.12019999313918,87644,8189.59057914936
119,British Virgin Islands,VGB,903.0429587473823,9.973369110865422,1004,90.48428925450199,883.6421302749301,10.8142648782688,906,81.65624480634129,866.0852827994349,10.789902719754851,890,80.21432068548282,914.5916758139422,10.731072940523662,945,85.17172887439702,980.2153369516434,10.97831823536844,990,89.2277981508222,1991.8228130059779,10.922378924904661,2022,182.23943983551783,1006.2856922701424,10.687718269468723,1044,94.09198520781202,983.5744071660389,10.21246465002553,1068,96.25031321105246,990.4290324946394,10.076164696850908,1090,98.23230034142736,928.2540977422802,9.897245533878987,1040,93.72741376033694,928.6620478720338,9.491021665230324,1085,97.78043217101433
120,"Virgin Islands, U.S.",VIR,6496.607911824469,24.454135919145262,2935,265.6868009810308,6250.961014537074,24.63871170085454,2803,253.7233737565135,6234.126432616681,24.687009380026105,2790,252.54252051639165,6256.3197814914,24.581207513046127,2812,254.53498516328355,6285.655333992785,24.366939774228815,2850,257.9780514449966,12619.336924987494,23.654863323322346,5894,533.5323502796547,6170.860502942368,23.517812254840894,2899,262.41960027870334,6341.89646824984,23.799462462572947,2944,266.49947054370415,6408.759826769539,24.1242754103581,2935,265.6803774336704,6430.091658878001,24.179992371874654,2938,265.9532675831878,6238.935717203916,23.983434082819674,2874,260.1635432848092
121,South Africa,ZAF,375173.49018885737,146.96000385993898,30883,2557.5839361286858,388010.2754985567,148.50677242630502,31606,2617.9898125538302,386300.81089267187,149.24558422796255,31311,2593.4839879503234,386520.48481569707,149.45030092047296,31286,2591.4003531045328,386353.41323028726,148.59223658092617,31453,2605.118009567984,773507.1542544698,146.48975363266072,63876,5291.660989402788,383649.25062625995,146.58399158232126,31657,2622.7291841336946,383195.5756918607,145.73452155442672,31803,2635.8392801926043,381821.11678369145,144.36253047731773,31989,2651.8539241196177,381865.1292840582,143.4044899762345,32207,2669.945000045463,379864.65367448755,143.9405548825689,31918,2645.596120433523
